Mutation.Type,Mutation.Subtype,Signature_1,Signature_2,Signature_3,Signature_4,Signature_5,Signature_6,Signature_7a,Signature_7b,Signature_7c,Signature_7d,Signature_8,Signature_9,Signature_10a,Signature_10b,Signature_11,Signature_12,Signature_13,Signature_14,Signature_15,Signature_16,Signature_17a,Signature_17b,Signature_18,Signature_19,Signature_20,Signature_21,Signature_22,Signature_24,Signature_26,Signature_28,Signature_30,Signature_33,Signature_34,Signature_35,Signature_36,Signature_37,Signature_38,Signature_39,Signature_40,Signature_R1,Signature_R2,Signature_R3,Signature_R4,Signature_R5,Signature_R6,Signature_R7,Signature_R8,Signature_R9
C>A,ACA,0.0008857,6e-07,0.0207628,0.0422195,0.0119813,0.0004245,6.7e-05,0.0023299,0.0048288,4.04e-05,0.0440575,0.0005581,0.002188,0.0001824,0.0001455,0.004517,0.0018192,0.0011175,0.0009442,0.016043,0.0020668,0.0006082,0.0514892,0.0012687,0.0006191,0.0001572,0.0060112,0.0363886,0.0008734,0.0007843,0.0018022,0.0031121,0.0048654,0.008835,0.0252328,0.0039527,0.0128082,0.0116884,0.0281632,0.0061483,0.0032498,0.0678295,0.0008548,0.025106,0.1191947,0.1410384,0.0152163,0.0053761
C>A,ACC,0.0022803,0.0001479,0.0165179,0.033292,0.0094389,0.0005238,0.0001792,0.0004609,0.0011472,0.0007653,0.0478474,0.0040888,0.0017653,0.0065413,0.0005525,0.0011321,0.0007209,0.0131447,0.000497,0.0028983,0.0009178,0.0001288,0.0157968,0.0006411,0.0013864,0.0023604,9.54e-05,0.0265356,0.0005279,0.0025277,0.0005065,0.0022291,0.0069568,0.0462424,0.008319,0.0014532,0.010074,0.0071513,0.0134093,0.0007786,0.0011805,0.0297176,0.0008415,0.0070338,0.1272754,0.0016885,0.0065375,0.001959
C>A,ACG,0.0001766,5.23e-05,0.0017471,0.0156215,0.0018457,5.2e-05,7.12e-05,0.0001861,0.0003766,0.00025,0.004615,0.0004259,0.0001498,5.35e-05,9.41e-05,0.0005399,0.000264,0.000413,4.61e-05,0.0010232,4.76e-05,5.82e-05,0.0024349,0.0002458,2.18e-05,0.0002941,0.0007651,0.0148412,0.0001136,0.0003532,9.13e-05,0.0004142,5.2e-05,0.0013891,0.0022419,0.0010589,0.0019036,0.002672,0.0029168,0,0.0005495,0.0013787,0.0002583,0.0071117,0.0057707,0.0047981,0.004137,0.038107
C>A,ACT,0.0012815,9.78e-05,0.0122218,0.0294786,0.0066142,0.0001801,0.000248,0.0007101,0.0019627,0.0040491,0.0470487,0.0030483,0.0170254,1.63e-05,0.0002659,0.0012229,0.0003479,0.0825999,0.0011145,0.0105646,6.18e-05,0.0004557,0.0214218,0.0005707,0.0012385,0.000621,0.0017166,0.0220159,0.0006187,0.003972,0.0005555,0.001901,0.0012302,0.0216005,0.017881,0.0018526,0.0088512,0.0073997,0.0148496,0.0004441,0.0006528,0.0118993,3.89e-05,0.0079718,0.0832024,0.0211801,0.0092378,1.71e-05
C>A,CCA,0.0003121,0.0002079,0.0224541,0.0806563,0.0074277,0.0018226,0.0004553,0.0011357,0.0001085,0.0145374,0.0401398,0.0048025,0.0031763,0.0005214,0.0006175,0.0054246,0.0013981,0.0163268,0.0417678,0.0104182,0.0002947,0.0002706,0.0739909,0.001322,0.0376354,0,0.0018293,0.0254006,0.0014103,0.0020309,0.0007684,0.0027019,0.0019453,0.0299335,0.0557675,0.003221,0.3806725,0.0101335,0.0207679,0.0011792,0.5059638,0.0245961,0.0011827,0.2291836,0.0225058,0.0069842,0.0573952,0.3344946
C>A,CCC,0.0017869,9.53e-05,0.0253244,0.0796907,0.0061353,0.004095,0.0002402,0.0015489,0.0030899,0.0032208,0.038838,0.0019234,0.0002018,0.0031827,0.0009864,0.0042806,0.0009682,0.01974,0.0050541,0.00903,0.0011636,4.11e-05,0.0195621,0.0007671,0.0989195,0.0025995,0.0044281,0.034912,0.0015127,0.0001086,0.0003885,0.00191,3.67e-05,0.0329625,0.0201752,0.0008141,0.0695309,0.009065,0.0146777,0.0002533,0.0457571,0.005271,3.57e-05,0.0285613,0.0028905,0.0031672,0.018969,0.0035484
C>A,CCG,9.32e-05,0,0.0025111,0.0244634,0.0034582,0.0016455,0,0.0004075,0.0019056,8.51e-05,0.0034146,0.0013727,4.64e-05,8.38e-05,9.2e-06,0.0011707,4.3e-06,0.001381,6.62e-05,0.0017364,0,0,0.0119759,0.0002356,0.0074333,0.0019812,0.0001358,0.0159558,0.0003618,0,0.0004066,0.0003706,0.0002981,0.0022029,0.0070969,0.0007469,0.0509864,0.0057376,0.0025424,0.0003794,0.3106807,0.0002712,0.1368083,0.5154801,0,0.0042971,0.0136208,0.0677457
C>A,CCT,0,0.0004213,0.0154292,0.0689915,0.0064924,0.0095984,0.0003719,0.0014922,0.0134622,0.0001174,0.032972,0.0030621,0.0173224,0.0083306,0.0001499,0.0010984,0,0.2599617,0.028713,0.0024933,0.0001372,0.0001815,0.0363348,3.44e-05,0.2524705,0.0191144,0.0001099,0.0170671,0.0071397,0.0002028,0.0002968,0.0025319,0.0006197,0.082547,0.0604671,0.0017663,0.1838221,0.0060288,0.0147064,5.41e-05,0.0830356,0.0006817,0.0008448,0.0490485,0.0011489,0.005065,0.0187923,0.0049238
C>A,GCA,0.0015789,8.62e-05,0.0071279,0.0316307,0.010175,0.0004271,4.06e-05,0.0007457,0.0010498,0.0001681,0.024211,0.0077232,0.0012149,0.0007308,0.0001648,0.0019833,0.0009491,0.0020841,0.0022896,0.008612,0.001778,0.000998,0.1093958,0.0008137,0.0107793,0.0021444,0.0022264,0.0621725,0.0004965,0.0001562,0.000943,0.0044099,0.0028139,0.0098686,0.0677308,0.002038,0.0120373,0.0068834,0.0142248,0.0005166,0.0011645,0.0110725,0.0007522,0.0078787,0.0141583,0.0039418,0.0082446,0.000432
C>A,GCC,0.0003393,0,0.0109312,0.0347588,0.0076532,0.0009132,0.0001384,0.0002149,0.0007417,0,0.0262104,0.0066792,0.0004411,0.0025488,0.0004047,0.0004174,0.0004514,0.0223602,0.0024944,0.0042494,0.0012835,2.8e-06,0.0172686,0.0002722,0.0056497,0.0070659,0.0017254,0.1283552,0.0006658,0.0010177,0.0004938,0.0009679,0.0004676,0.0501534,0.0192461,0.0006293,0.0062819,0.0069455,0.0102294,0.0008655,2.38e-05,0.0034804,0.0003458,0.0024793,0.0075753,0.0032758,0.0073188,0.0034362
C>A,GCG,0.0005866,1.39e-05,0.0014267,0.0152918,0.0023396,0.0003573,4.25e-05,7.29e-05,0,1.82e-05,0.0027416,0.0001709,1.05e-05,8.52e-05,1.39e-05,0.0004467,0.0001637,0.0011076,0.0004039,0.0013607,0.0001064,9.24e-05,0.0075634,0.0002047,0.0015701,0.0016941,0.0005152,0.0658619,0.0001293,3.95e-05,0,0.0003419,0.0002274,0.0005069,0.0048267,0.0005058,0.0013695,0.0045333,0.0025543,0.0003899,0.0010757,0.0007833,0.000739,0.0068335,0.0002443,0.0042832,0.004042,0.0508093
C>A,GCT,0,5.12e-05,0.0100123,0.0212033,0.0068243,0.0012285,0,0.0001475,0.000363,7.4e-05,0.0269314,0.0085597,0.0110962,0.0028017,0,2.75e-05,6.15e-05,0.1259291,0.0182026,0.0058028,4.7e-05,0.0005342,0.0623172,0.0002728,0.0024908,0.0088956,0.0005511,0.0544332,0.0008169,0.0001581,0.0008622,0.0031881,1.35e-05,0.0228535,0.0690108,0.0012852,0.0090945,0.0058866,0.0107724,0.0001332,0,0.0014119,1.99e-05,0.0058364,0.0020406,0.0034473,0.0042067,0.0011436
C>A,TCA,6.58e-05,0.0006387,0.0084138,0.0398096,0.0078611,0.0003564,0.0003899,0.0029019,0.0025165,0.0113602,0.0297563,0.0170472,0.0939671,0.0004464,0.0001801,0.0034816,0.0790329,0.0003474,0.017237,0.0107537,0.0001896,1.24e-05,0.0738316,0.001384,0.0017132,0.0014601,0.0007843,0.0297758,0.0009381,0.0142557,0.0006961,0.0118825,0.0042683,0.0052692,0.1411008,0.0019975,0.0177336,0.0059844,0.0260183,0.0020192,0.0112569,0.0169209,0.1243517,0.0328706,0.0190263,0.0357465,0.4640635,0.0026742
C>A,TCC,0.0025314,0.0001704,0.0167872,0.0468757,0.0091667,0.0004979,0.0006355,0.0035234,0.0141649,0.0077631,0.0250707,0.002457,0.0099668,0.0038,0.0009384,0.0028806,0.0294149,0.0243281,0.0058126,0.0058667,2.59e-05,0,0.0435563,0.0011266,0.003365,0.0002364,0.0017418,0.0519045,0.0006297,0.0004523,0.0002435,0.0051143,0.0012234,0.0230779,0.0772315,0.0015876,0.0114506,0.0078629,0.0210189,0.0001633,0.0010034,8.11e-05,0.0037902,0.0051134,0.0008856,0.0028596,0.046825,0.0036436
C>A,TCG,0,8.53e-05,0.0014069,0.0109191,0.0023028,0.0001997,3.44e-05,0.0002999,0,0,0.0018986,0.0004448,0.0011611,0.0005731,0,0.0005052,0.0121121,7.1e-06,7.69e-05,0.0014878,0,9.51e-05,0.0127022,0.0002847,0,6.83e-05,0,0.0097933,0.0001235,0.0001292,8.26e-05,0.0013705,0,9.47e-05,0.0146667,0.0011244,0.0023788,0.0030067,0.0031701,0.0002049,0,2.39e-05,0.7093911,0.0405116,4.19e-05,0.0045397,0.133718,0.0004473
C>A,TCT,5.9e-06,0.0004401,0.009965,0.0413182,0.0126538,0.0007468,0.0006132,0.0014144,0.0037288,0.0001909,0.0319253,0.0272566,0.6700547,0.0816216,4.73e-05,0.0023503,0.0354798,0.1514998,0.0080487,0.0092501,0.0002879,0.0025744,0.1222801,0.0013832,0.0009042,0,0.0003955,0.0228218,0.001402,0.0005574,0.0006651,0.0127732,3.2e-05,0.0152679,0.207567,0.0024361,0.0278283,0.0065537,0.0241435,0.000406,5.14e-05,0.0001917,0.0001869,0.0087496,0.001849,0.0003704,0.0609515,0.0008708
C>G,ACA,0.0018556,0,0.0197045,0.0068944,0.0100998,0.0004712,6.49e-05,8.6e-06,0.0011193,0.0011783,0.0043324,0.0048354,0,0.0003054,0.0001698,0.0012242,0.0038659,0,0.0001125,0.0017361,0.0010081,0.0001459,0.0017275,0.0031863,0.0087662,1.69e-05,0.0016597,0.003344,0.0004267,0.0001535,0.0010665,0.0014118,0.0007617,0.0035815,0.0018437,0.0343367,0.0026905,0.0473461,0.0121991,0.0003773,0.0001058,0.0010253,0.0001979,0.0002876,0.0038454,0.0039564,0.0017326,0.0070346
C>G,ACC,0.0012171,0.0001334,0.0116598,0.0028422,0.0057031,0.0002887,2.16e-05,0.000189,0.0003195,0.0025487,0.0029534,0.0019579,2.43e-05,0.0001337,0.0002904,0.0006418,0.0009513,5.8e-06,0.0002689,0.0020147,0.0005691,4.34e-05,0.0025924,0.0017851,0.0015146,0.0007191,0.0001949,0.0036652,0.0003785,0.0002242,0.0004674,0.001299,0.0011309,0.0045493,0.0016686,0.0111519,0.0015795,0.022506,0.0086777,0.0005876,0.0003003,0.0006174,0.000114,0.0001353,0.0011007,0.0045434,0.0015226,0.0054566
C>G,ACG,0.000115,1.52e-05,0.000253,0.0012797,0.00172,0,5.08e-05,0.0005047,0,0.0009064,0.0002858,0.0013634,0,0,5.96e-05,7.51e-05,0.0002642,3.91e-05,3.07e-05,0.0008474,0.0001523,0,0.0019167,0.0006159,0.0004686,0,0.0002307,0.0009201,6.83e-05,0,0.0001314,0.000253,0,0.0003462,0.0005002,0.0053526,0.0006362,0.013633,0.002253,0.0002763,0.0002713,0.0003276,8.03e-05,0.0002044,0.0008265,0.0019669,0.0008177,0.0025127
C>G,ACT,0.0011415,9.12e-05,0.0174307,0.0035511,0.0100529,0.0002544,9.56e-05,0.0002846,0.0019308,0.0029131,0.0057117,0.0064051,0,0,0.0005346,0.0014402,0.0039999,0.0002044,0.0003246,0.0115352,1.96e-05,0.000319,0.0040813,0.0021374,0.0044238,6.19e-05,6.2e-05,0.0028479,0.0007282,8.33e-05,0.0007307,0.001301,0.0020311,0.0094814,0.0019148,0.0187751,0.0024441,0.0433656,0.0146244,0.0002501,0.0003783,0.0017218,0.0006861,0.0001757,0.0019726,0.0009003,0.0017067,0.0030393
C>G,CCA,2.41e-05,0,0.0193126,0.0078314,0.0069613,4.11e-05,0,0.0004581,0.0002062,0.0013199,0.0049979,0.0008928,4.57e-05,2.99e-05,0.0002605,0.0013442,0.0056078,8.55e-05,8.36e-05,0.0035545,0.0005533,0.0001942,0.0006126,0.0017667,7.69e-05,1.97e-05,0.001045,0.0026053,0.0003635,1.44e-05,0.0012741,0.0015028,0.0001186,0.0038567,0.0012445,0.0004421,0.001692,0.028833,0.0075601,4.71e-05,0.000163,0.000956,9.93e-05,0.0002165,6.56e-05,0.0028468,0.0011832,0.0027186
C>G,CCC,7.68e-05,0.0003505,0.0141153,0.0068716,0.009073,3.72e-05,0.0001306,0.0009603,0.0022647,0.0002856,0.0054594,0.0015447,0,0,0.0001771,0.000891,0.0006476,7.86e-05,1.7e-05,0.0045449,0.000235,4.66e-05,0.0022615,0.0018122,4.4e-06,0.0002726,0.0007854,0.0052204,0.0003224,7.55e-05,0.0007933,0.00041,0.0001175,0.0063032,0.0013701,0.0003129,0.0012591,0.0376585,0.0093478,0.0001419,0.000283,0.000237,0.000122,0.0002562,0.0002885,0.0001202,0.0008352,0.0060323
C>G,CCG,0.0003522,4.87e-05,0.0015049,0.0034033,0.0024898,8.43e-05,7.75e-05,0.000791,0.0002618,0.001318,1.05e-05,0.0004372,2.01e-05,0,1.12e-05,0.0001733,0.000488,1.91e-05,5.02e-05,0.001458,0.0002319,0,0.0035797,4.81e-05,0.000188,1.01e-05,0.000239,0.0009453,4.17e-05,0,0.0001197,0.000318,0.0001902,0.0008701,0.0004185,0.0003206,0.0009568,0.0122891,0.001682,0.0003374,0.0001219,0.0006705,3.63e-05,0.000238,0.001421,0.0020263,0.0005675,0.0016208
C>G,CCT,0,6.36e-05,0.0223005,0.0068226,0.0095312,1.44e-05,9.56e-05,0.0008903,0.0042371,0,0.0054884,0.0030268,3.01e-05,0,9.6e-06,0.00156,0.0064018,0.0001779,8.45e-05,0.0096244,3.9e-05,0.0001925,0.0037924,0.0032202,1.01e-05,0.0001732,0.0003198,0.0047105,0.0006249,0,0.0010167,0.0006616,7.36e-05,0.0161661,0.0020876,0.0005811,0.0012684,0.0401712,0.0139124,0.0001457,0.0003196,0.0001374,0.0002452,0.0001905,0.0005122,0.0026054,0.0012046,0.0005085
C>G,GCA,9.6e-06,6.54e-05,0.0127163,0.0052864,0.0046807,1.94e-05,1.96e-05,5.11e-05,0.0001819,0.000196,0.0025837,0.0013636,1.5e-05,1.72e-05,4.67e-05,0.0005641,0.0014967,0,0.0009943,0.0010536,0.0008779,5.99e-05,0.0006347,0.0013096,0.0006694,0.0003879,0.0014002,0.0027237,0.000395,0.0001831,0.0005147,0.0007712,3.34e-05,0.0033819,0.0008858,0.0013167,0.0011952,0.0240213,0.0050628,0.0001631,0.0002737,0.0016813,7.84e-05,0.0001517,0.0267446,0.0034099,0.0013826,0.0013836
C>G,GCC,0.0001643,0.0002609,0.0086337,0.0057537,0.0050815,0.0006851,3.32e-05,0.0004517,0.0004734,0,0.0023877,0.0028326,8.31e-05,0.0001363,0.0001141,0.0002886,0.0004787,4.33e-05,0.0006076,0.0030924,0.0008349,5.55e-05,0.0013377,0.0012926,0.0028611,0.0014156,0.0009298,0.005793,0.0005789,0,0.0002559,0.0007762,0.0001931,0.0214254,0.001084,0.0009384,0.001079,0.0213039,0.0053723,0.000135,9.95e-05,0.0022821,0.0002166,0.0001102,0.0329685,0.0011363,0.0014452,0.0846822
C>G,GCG,0.0001656,0,0.0024201,0.0032988,0.0015124,0,4.51e-05,0.0003369,0.0001796,0.0005447,0.0004882,0.000521,0,0,3.2e-06,9.54e-05,0.0002407,0,1.01e-05,8.13e-05,2.37e-05,0,0.000639,0.0005969,0.0006916,0.0001174,0.0002106,0.0031406,7.38e-05,0,0.000117,4.66e-05,0,0.000591,0.0001721,0.0005771,0.0010243,0.0098592,0.0011938,0.0002021,5.65e-05,0.0004647,4.31e-05,3.67e-05,0.0028005,0.0002665,0.0010134,0.0029986
C>G,GCT,0,0.0001343,0.0147191,0.0030417,0.0067152,0.000321,4.2e-05,0.0002774,0.0012816,0.0008822,0.0048639,0.0085686,3.54e-05,0.0001132,0.0001858,0.0005042,0.0027031,8.03e-05,0.0004515,0.0032337,0.0007865,0,0.0012332,0.0003199,0.0030217,0.0002069,0.0004549,0.003378,0.0003045,0,0.0003985,0.0009314,2.69e-05,0.0087438,0.0010491,0.0012747,0.0009171,0.0324264,0.006985,6.43e-05,0.0003195,0.0022244,6.53e-05,0.0002079,0.0142558,0.0028541,0.0010189,0.0005735
C>G,TCA,0,0,0.0132681,0.003584,0.0078076,4.97e-05,0,0.0002536,0.0019392,0.0037375,0.0014727,0.0026916,5.55e-05,0,1.56e-05,0.0009685,0.3166534,1.97e-05,0.0002136,0.002511,0.0037535,0.0001601,0.0021412,0.0017549,0.000129,0.0006543,0.0035586,0.0037516,0.0013127,0.000115,0.0001266,0.013013,6e-07,0.0066311,0.0039783,0.0017921,0.0026631,0.0347003,0.012528,0.000529,0.0005054,0.000138,0.0001366,4.8e-05,0.0009319,0.0020495,0.0019826,0.0037392
C>G,TCC,0.0002035,9.87e-05,0.0203475,0.00595,0.0076016,0.0001128,5.09e-05,0.0016215,0.0046068,0.0005877,0.0013418,0.0020018,0,0,0.0002242,0.0015509,0.0635084,0.0001501,6.12e-05,0.0052318,0.0007234,6.18e-05,0.0046406,0.0031207,2.82e-05,0.0006311,0.0015168,0.0055843,0.0007453,0.0001358,0.0009857,0.0025056,0.0001398,0.0056349,0.0024135,0.0011091,0.0021832,0.0367231,0.0140677,0.0003476,0.0004761,0.0011858,0.0003499,0.0001533,0.000493,0.0036085,0.001444,0.0049919
C>G,TCG,6.94e-05,4.12e-05,0.0005195,0.0018346,0.0017124,1.9e-06,6.4e-06,0.0003639,8.8e-06,0.0008732,7.82e-05,0.0004043,0,0,0,0.0002141,0.0138235,1.83e-05,5.84e-05,0.0004393,0.0003796,1.55e-05,0.0008986,0.0004414,0.0001243,6.27e-05,0.0003813,0.0013511,9.41e-05,2.46e-05,0.0001055,8.04e-05,0,0.0001555,0.0003023,0.0008602,0.0010981,0.0096202,0.0017449,6.59e-05,0.0002143,0,2.82e-05,6.33e-05,0.0001032,0.0021639,0.000581,0.001873
C>G,TCT,0.0015592,0.0011807,0.02348,0.003376,0.0124578,0.0001285,0.0002809,0.0007139,0.0122746,8.53e-05,0.0002489,0.0056302,5.45e-05,4.34e-05,0.0001855,0.0030475,0.3692294,0.0003209,0.0001737,0.0284719,0.0002827,0.0014982,0.0031752,0.0016148,0.0011214,0.0006871,0.0003881,0.0040749,0.0022084,0.0001427,0.0001087,0.0201125,0.0021519,0.0211645,0.0075886,0.0025547,0.0039491,0.0506568,0.0236605,0.0007613,0.0020574,0.0009243,0.0001479,0.0005436,0.0004211,0.0033309,0.0024173,0.0037404
C>T,ACA,0.0250438,6.11e-05,0.0142009,0.0087037,0.032609,0.0640504,0.0001222,0.0014061,0.0013323,0.0033291,0.0068055,0.0081049,0.0010376,0.0005489,0.0258193,0.0055141,0.0071822,0.0123806,0.0050535,0.0017642,0.0012212,0.0005707,0.0091979,0.0279592,0.0493104,0.0021733,0.0017565,0.0117865,0.0026608,0.0007767,0.1059689,0.0053113,0.0035166,0.002205,0.0059638,0.0062385,0.003455,0.0095952,0.0197194,0.0027584,0.000239,0.0042707,0.000287,0.0005752,0.003523,0.035827,0.0026935,0.0072164
C>T,ACC,0.0063246,0.0013789,0.0123981,0.0041755,0.017922,0.0228773,0.0176607,0.0380503,0.0076773,0.0013991,0.0028198,0.0054248,0.0008338,0.0052469,0.1470932,0.0021171,0,0.0100639,0.0069078,0.0037314,0.0017114,7.03e-05,0.0046546,0.0141348,0.0130189,0.0039208,0.0002204,0.0112284,0.002543,0.0033808,0.0904335,0.0021297,0.0037121,0.0039921,0.0032835,0.003056,0.0021514,0.0040424,0.0120538,0.0013359,0.000314,0.00094,0.0004375,0.0003033,0.0017967,0.0056492,0.0020991,0.0019581
C>T,ACG,0.3650129,3.27e-05,0.0025681,0.0007826,0.0061762,0.1200019,0,0.0005428,0.000927,0.0012057,0.0032295,0.0043845,0.0055686,0.0004141,0.0075788,0.0001177,0.000303,0.0264694,0.0745244,0.003269,3.95e-05,0.0002866,0.0122066,0.0015538,0.0133224,0.0074022,0.0013629,0.0005136,0.0053253,0.0070478,0.0143931,0.0071633,0.000118,0.0005796,0.0070699,0.0063292,0.005177,0.0060037,0.0002673,0.0042096,0.0007379,0.0030459,0.0012054,0.0020096,0.013942,0.0056512,0.0040774,0.006951
C>T,ACT,0.0095761,0.0018646,0.0121267,0.0042519,0.0219964,0.0213133,0.0074239,0.0108485,0.0074774,0.032884,0.0125483,0.006488,0.0029916,0.007932,0.1092826,0.0023797,0.0003181,0.0161009,0.001782,0.006004,0.0007372,0.0001466,0.0079718,0.036842,0.0129704,4.17e-05,0.000616,0.0091468,0.0027852,0.0050627,0.0292501,0.0030725,0.0038657,0.0008997,0.0043078,0.0056492,0.0024394,0.0128028,0.0169461,0.0002982,0.0006863,0.002488,0.0002348,0.0004146,0.0069177,0.0031951,0.001765,0.001939
C>T,CCA,0.0020021,0.0043165,0.0160862,0.0127044,0.0194401,0.0136387,0.0500157,0.1065638,0.0027091,0.0355853,0.0026659,0.0072437,3.68e-05,0.0001514,0.0040659,0.006589,1.93e-05,0.002726,0.0108288,0.0071692,0.0008213,0.0004574,0.0117157,0.119251,0.0106311,0.0013476,0.001208,0.0053768,0.0016908,0.0002918,0.1103184,0.0045934,0.0047503,0.0050977,0.0067471,0.0036087,0.0042396,0.0091053,0.0196368,0.0015199,0.000415,0.0008636,1.82e-05,0.0004705,0.0038388,0.0032313,0.0032691,0.0146198
C>T,CCC,0.0002701,0.0001699,0.0202439,0.0115002,0.0189542,0.0147923,0.0552593,0.1822124,0.0059668,0.0026014,0.0040171,0.0087552,0,8.44e-05,0.1260333,0.0002539,0.0013497,0.0013775,0.0111009,0.002838,0.0017209,5.89e-05,0.0067643,0.0920239,0.0129894,0.0051615,0.003193,0.0088526,0.0028339,0.0002099,0.1031087,0.0015338,0.0005141,0.0831656,0.006685,0.0020985,0.0047319,0.0038609,0.0173316,0.0018821,0.0002249,0.0046054,0.0003007,0.0004928,0.0042482,0.0047035,0.0018151,0.0046013
C>T,CCG,0.1956168,0.0027655,0.0022386,0.0033109,0.0174869,0.1221977,0.0067068,0.0220761,0.0089351,0.002636,0.0014936,0.0065129,0,0.003697,0.0009202,4.09e-05,0.0019944,0.0116457,0.0247591,0.0006912,0.0018988,0.0005428,0.0168267,0.0156848,0.0165085,0.0062235,0.0004261,0.0063537,0.0033418,0.0025541,0.0168259,0.0058812,0.0094469,0.0026746,0.005334,0.0032734,0.0034999,0.0075723,0.0023573,0.0040647,1.02e-05,0.0015194,1.87e-05,0.0013763,0.001076,0.0206711,0.0023846,0.0137191
C>T,CCT,0.0001959,0.0014549,0.0230454,0.0159622,0.0230565,0.0137713,0.0565557,0.1258377,0.0205553,0.0001381,0.0144985,0.0111003,0.000103,0.0005948,0.0651313,0.0033813,0.001452,0.0013595,0.015638,0.0192722,0.0017351,0.0001363,0.0066474,0.2576576,0.0116627,0.0003248,0.0016028,0.00429,0.0016524,0.0033183,0.0461654,0.0026999,3.53e-05,0.046982,0.0057537,0.0060648,0.004097,0.0069932,0.0215915,0.0025119,0.0001353,0.0030032,0.0004785,0.0005186,0.0119125,0.0040552,0.0025747,0.0160423
C>T,GCA,0.0044392,0,0.0164431,0.0040917,0.0193975,0.0935861,8.49e-05,0.0008554,0.0001571,0.0003653,0.0002765,0.0069795,4.22e-05,0.0003632,0.0196952,0.004479,0.0071818,0.0171203,0.0736835,0.0065017,0.0016379,6.11e-05,0.0096795,0.0610299,0.0421991,0.0093229,0.0023782,0.0299128,0.0027541,0.0032497,0.0496511,0.005348,0.000233,0.0072866,0.0037161,0.0025549,0.002369,0.0080297,0.0143248,0.0012381,0.0006914,0.0010584,0.0003446,0.0001837,0.0024161,0.0044694,0.0017751,0.009179
C>T,GCC,9.28e-05,1e-07,0.0134377,0.0044602,0.0216181,0.1111384,0.0116944,0.0262659,9.5e-06,0.0001812,0.0002451,0.0065331,0.0125077,0.0151165,0.1154016,0.0018186,0.000921,0.0081555,0.1290579,0.0052882,0,0.0001574,0.008172,0.0397349,0.0532069,0.0196357,0.0018676,0.0436828,0.0054542,0.0001877,0.0609769,0.005137,0,0.0177706,0.0034038,0.0023124,0.0029607,0.0044951,0.0115856,0.0014434,0.0002827,0.0017099,7.4e-06,0.0001177,0.0015845,0.0030879,0.0012173,0.0119387
C>T,GCG,0.2184247,0,0.0005284,0.0004821,0.0122713,0.1782458,5.5e-06,0.0001764,3.43e-05,0.0001571,0.0019069,0.004757,0.0148591,0.0126188,0.001782,7.46e-05,0.0001781,1.92e-05,0.2769957,0.0011728,0.0016096,0.0008545,0.0147923,0.0032079,0.0204988,4.34e-05,0,0.0254002,0.0066825,0.0002151,0.0052351,0.0058412,0.01674,0.0025335,0.0057048,0.0043226,0.0044846,0.0054815,0,0.0033593,0.0005907,0.0017245,0.000303,0.0010379,0.0055047,0.0042753,0.002826,0.0059929
C>T,GCT,3.84e-05,5.04e-05,0.0113136,0.0038084,0.0185676,0.0744283,0.0161145,0.0053862,0.0007583,0.0421024,0.0046109,0.0107424,0.0135238,0.0318983,0.0696434,0.0026716,0.0012675,0.0105126,0.0772394,0.0067204,6.6e-05,0,0.0066879,0.1085335,0.0331133,0.0080487,0.0017585,0.020301,0.0049797,0.0001019,0.0177065,0.0039299,0.0005173,0.0060295,0.0036263,0.0023162,0.0032004,0.0086101,0.012675,0.0008943,0.0010544,0.0040364,0.0001099,0.000308,0.0162741,0.005955,0.0010199,0.0031035
C>T,TCA,0.0011082,0.5355185,0.0057642,0.0037381,0.0203063,0.0119788,0.238218,0.006605,0.0172858,0.0002074,0.0050418,0.0042719,0.0003663,0.0027258,0.0097798,0.0055224,0.0069284,0.0035388,0.0264831,0.0063623,0.0005323,0.0001076,0.0113827,0.0438613,0.0080676,0.0036005,0.0015934,0.0024002,0.0032945,0.0048382,0.0979769,0.0147232,0.0018612,0.0029558,0.0107439,0.0040192,0.0064492,0.0038833,0.0300457,4.07e-05,0.0001631,0.007244,0.0002144,0.0001866,0.0194117,0.0017034,0.0014706,0.00573
C>T,TCC,3.73e-05,0.0973039,0.013286,0.0069914,0.0229642,0.0105255,0.3313934,0.2110351,0.0137476,0.0056475,0.0002523,0.0073334,0.0027562,0.0484951,0.1580649,0.0026446,0.0044847,0.0001368,0.009564,0.0036816,9.06e-05,0.0006038,0.0113689,0.0250187,0.009186,8.07e-05,0.0013167,0.0122096,0.0025294,0.0041304,0.1335018,0.0031704,0.000289,0.0125645,0.0068609,0.0025005,0.0072344,0.0052801,0.0231074,0.0009575,0.0005855,0.0371066,0.0003168,0.0005818,0.1035579,0.0017652,0.0015258,0.0057665
C>T,TCG,0.1100583,0.0442482,0.0009886,0.0002814,0.0158636,0.0520117,0.074064,0.0574381,4.64e-05,0.0017507,4.17e-05,0.0032647,0.0027856,0.4367796,3e-07,8.85e-05,0.0011936,0.0053221,0.0212395,0.0030225,0.0001772,6.24e-05,0.011833,0.0043227,0.0026432,0.0003167,3.77e-05,0.0026922,0.0026341,0.0017405,0.014699,0.0038507,0.0002999,0.0007649,0.0038949,0.0034264,0.003475,0.0048574,0.0021155,0.0017339,0.0006709,0.0019395,0.0004018,0.0009336,0.0039661,0.0064851,0.0021931,0.0101869
C>T,TCT,0,0.3004596,0.0081732,0.0072199,0.0210425,0.0069902,0.1071799,0.1021012,0.0023179,0.0499871,0.0052703,0.005455,0.0228285,0.1281706,0.1194679,0.0061228,0.001418,0.0003593,0.0017417,0.0220778,0.0003481,0.0008954,0.0037546,0.0628929,5e-05,7.31e-05,0,0.0047145,0.0021342,0.0019869,0.0525449,0.0090428,0.000808,0.0080372,0.0083307,0.0058406,0.0065802,0.0042253,0.0223585,0.0039071,0.0001086,0.0808809,5.8e-06,0.0003119,0.0817756,0.0423891,0.0016497,0.0077113
T>A,ATA,0.0007997,9.59e-05,0.0054874,0.0094239,0.0073815,9.82e-05,0.0019359,0.0024945,0.012443,8.89e-05,0.0194953,0.0126939,5.07e-05,0.0018213,0.000417,0.0051728,0,0.0006132,0.0020401,0.0230792,0.0010119,6.26e-05,0.0024879,0.0007856,0.0005112,0.0034624,0.0638712,0.0015791,0.0015202,0.0001722,0.0003631,0.0008683,0.1030907,0.0048943,0.002437,0.0022475,0.0019867,0.0053056,0.0061024,0.0039745,0.0004551,0.1376175,0.0006603,0.0001291,0.0053587,0.1128634,0.0017744,0.0058906
T>A,ATC,0.0022338,0.0008778,0.0072076,0.0035258,0.0069317,0.0005459,0.0006699,0.0004666,0.0034238,0.0010797,0.0213334,0.0028192,0.0001939,0.0003374,0.0004411,0.0027061,6.52e-05,0.000372,0.0008408,0.0077438,0.0009971,0.0002891,0.0008776,0.0002547,0.0051873,0.0056501,0.0070131,0.0022466,0.0035241,0.0004775,0.0003934,0.0011366,0.0443537,0.0073589,0.0014307,0.0016574,0.0019407,0.0028751,0.0044388,0.0002233,0.000239,0.0071614,0.0002657,7.78e-05,0.0039446,0.0013536,0.0011847,0.0025851
T>A,ATG,0.0011393,2.55e-05,0.00964,0.0123615,0.0091205,0,0.0005869,0.0015558,0.0002111,0.0037045,0.0227852,0.0027643,0,2.34e-05,3.93e-05,0.0031172,0.0005899,0.0003545,0.0005399,0.0088126,0.0002001,6.57e-05,0.0025995,0.0009516,0.0003035,0.0002476,0.0605537,0.0019965,0.000625,0.0001522,0.0006379,0.0006965,0.0346191,0.0013274,0.0025338,0.0024854,0.0010799,0.0069375,0.0069343,0.0003524,0.0004739,0.0074547,0.0004647,0.000241,0.000573,0.0367525,0.0011871,0.0028745
T>A,ATT,0.0001834,0,0.0061071,0.0042112,0.0061965,0.0016581,0.0037095,0.0082929,0.0506585,0.0410729,0.0249807,0.0188674,0.006656,0.0028474,3.4e-06,0.0028218,0.0006055,0.0018474,0.0095383,0.011027,0.0014641,0.0006331,0.0078403,0.0006543,0.0256399,0.0015974,0.0025078,0.0017992,0.0030678,0.0017025,0.0004899,0.0050701,0.3155918,0.0073738,0.0030709,0.0027661,0.0027243,0.0061188,0.0107263,0.0007276,0.0001728,0.0675614,0.0006754,0.000354,0.0024123,0.0294993,0.0011877,0.0046278
T>A,CTA,4.3e-05,0.0002431,0.0079431,0.0144078,0.0035385,6.66e-05,0.0001766,0.001124,0.0034721,0.0016146,0.0189565,0.0047899,0,7.09e-05,0.0001843,0.0005456,0.0002091,0.0001555,0.000348,0.0032093,0.0004335,9.36e-05,0.0005423,9.6e-05,0.0001437,6.2e-06,0.1283724,0.0013161,0.0009435,0.00014,0.0002142,0.0007456,0.0237022,0.0525502,0.001258,0.0015675,0.0008972,0.0049406,0.0010934,6.64e-05,0.0003113,0.0140206,8.62e-05,7.41e-05,0.0001927,0.0061149,0.0012202,0.0036869
T>A,CTC,0.0003927,0.0002437,0.0178461,0.012236,0.0051864,0.0005505,0.0002614,0.0009584,0.0133733,8.13e-05,0.0292219,0.0031305,0,0.0001061,0.0002116,0.0055995,0.0003423,0.0029516,0.0002441,0.0056986,0.0404898,0.002244,0.0030564,0.0004031,0.0064822,0.0006881,0.0550968,0.0018663,0.0014455,0.0013482,0.0007773,0.0009921,0.0004086,0.0329677,0.0014551,0.0011646,0.0020209,0.006442,0.0076195,0.0005143,6.28e-05,0.0005708,0.000102,5.14e-05,0.0005352,0.0014928,0.0002313,0.0045002
T>A,CTG,0.0003241,0.000149,0.0132373,0.0325361,0.0050111,0.0001149,0.000112,0.0008829,0.0009611,0.0011957,0.0275681,0.0053063,0,0,0.0003046,0.0014139,0.0002263,0.0003165,8.2e-05,0.0010333,0.0123927,0.0007165,0.0032124,0.0002936,0.0001229,0.0001245,0.168145,0.005034,0.0011443,0.0008063,0.0005867,0.000479,0.001167,0.0581772,0.0021414,0.001602,0.0017846,0.0068026,0.0034597,4e-07,0.0002751,5.82e-05,0.0003096,0.0002321,0.000516,0.0065233,0.0012291,0.0033013
T>A,CTT,0.0002598,0,0.0126879,0.0117653,0.0042986,0.000179,0.0003713,0.0001116,0.0486876,0.0011546,0.0418358,0.00444,0.0003764,0.0002336,0.0001623,0.0015004,0.000523,0.0013845,0.0010493,0.0065268,0.0723191,0.0077851,0.0022634,0.0002179,0.0001018,0,0.0603207,0.004801,0.0006421,0.0010325,0.0006124,0.0011161,0.0002675,0.0663505,0.0019566,0.0020583,0.0023574,0.008275,0.0092839,0.0001324,0.0008332,7.6e-05,0.0003625,0.0001061,0.0002093,0.0036208,0.0008564,0.0086052
T>A,GTA,8.12e-05,0,0.0070626,0.0092176,0.0036659,5.1e-05,0.0004006,0.0005263,0.0017323,2.37e-05,0.0127676,0.0026466,3.3e-06,0,1.5e-06,0.000826,6.7e-06,5.77e-05,0.0005112,0.0009397,6.46e-05,9.73e-05,0.0015953,0.0001893,5.56e-05,0.0011713,0.0536692,0.0015736,0.0007833,0.0001164,0.0003292,0.0008098,0.0190074,0.000717,0.0008796,0.0011541,0.0008926,0.0049644,0.0026466,0.0001095,0.0001361,0.0159936,0.0001299,5.04e-05,0.0007323,0.0203755,0.0005241,0.0044513
T>A,GTC,0.0001294,0.000131,0.0074779,0.0036034,0.0029056,0.0004893,0.000224,0.0002557,0.0022654,0.0001116,0.0135033,0.0021163,0,0.0001228,0.0003745,0.0018055,0.0001298,0.00273,0.000589,0.0006082,0.0033982,0.0003467,0.0019542,7.78e-05,0.002564,0.0032645,0.0102326,0.0023511,0.0011497,0.0001175,0.0001817,0.0003619,0.0024151,0.0055562,0.0006307,0.0007742,0.0011159,0.003517,0.0034321,0.00011,0.0001935,0.0002285,0.0001238,9.1e-05,0.0010517,0.0038476,0.0003986,0.0027019
T>A,GTG,0.0002457,6.38e-05,0.0115598,0.013097,0.004106,0.0001951,0.0002895,0.0006557,0,0.0013532,0.015629,0.0007875,7.3e-05,0,0.0001194,0.0025147,4.7e-05,0.0001198,0.0001866,0.0055522,0.000695,0.000241,0.0018285,0.0004858,0.0021302,0.0007418,0.0374763,0.0024898,0.0006076,7.17e-05,9.86e-05,0.0008271,0.006534,0.0011167,0.0011699,0.0010839,0.0012113,0.0066682,0.0044088,0.0003602,0.000186,1.31e-05,0.0001429,0.0001103,0.000199,0.0042861,0.00129,0.003965
T>A,GTT,0.000258,6.28e-05,0.0123348,0.0055178,0.0032179,0.0002485,0.0003063,5.59e-05,0.0202867,0.0087649,0.0280704,0.0025631,0.000426,0.0001082,0.0001637,0.0009145,0.0003576,0.0008572,0.0008403,0.0009665,0.0047984,0.0015788,0.0034636,0.0002827,0.0043019,0.0009371,0.0093237,0.0013117,0.0008338,0.0003242,0.0001907,0.0017626,0.0074776,0.002859,0.001122,0.0016848,0.0018439,0.0040867,0.0057721,0.0006371,0.0006136,3.3e-06,0.0002307,0.0001311,0.0007858,0.0001464,0.0008108,0.0031055
T>A,TTA,0.0067186,0.0004216,0.0065065,0.008884,0.0063095,0.0004543,0.0003565,0.0032443,0.0154227,0.0166522,0.0114946,0.026001,0.0020384,0.0030612,0.0001862,0.0037528,0.0002965,0.0001999,0.0010891,0.0122781,0.0001193,0.0011911,0.0107963,0.000494,0.0120178,0.0002569,0.071769,0.0041156,0.0011332,0.0001884,0.0002818,0.0041007,0.27192,0.0042962,0.0024618,0.0024502,0.0024401,0.0066946,0.0071271,0.0011305,0.0006466,0.1561562,2.35e-05,0.0004204,0.0016891,0.020079,0.0010496,0.0030958
T>A,TTC,0,0.0001921,0.0104939,0.0043126,0.0041436,0.0001137,0.0003886,0.0022433,0.0342304,0.0012272,0.0194865,0.0018527,0.0003598,0.000665,0.0002023,0.0064546,0.000232,0.0017288,0.000157,0.0046651,0.0057017,0.0002423,0.0027284,0.0004749,0.000318,0.000795,0.0236474,0.0032708,0.001259,0.0012509,0.0002414,0.0002165,0,0.0053018,0.0010233,0.0011261,0.0009277,0.0036906,0.0102575,0,0.0002785,1.23e-05,7.6e-06,5.7e-05,0.0006642,0.0025823,0.0004694,0.0035621
T>A,TTG,2.8e-05,5.01e-05,0.0067143,0.009539,0.0047921,2.95e-05,0,0.0017003,0.0122456,0.0055951,0.0128524,0.0167129,0.0006925,7.06e-05,0.0002006,0.0027719,0.0001876,0.0003571,0.0001488,0.005182,0.0018272,0,0.0017887,0.0003728,0.0001758,9.85e-05,0.0731675,0.0019899,0.0002775,0.000321,0.0001905,0.0006596,0.0077659,0.0013829,0.0008719,0.0012792,0.0008041,0.0054633,0.0050235,4.24e-05,5.4e-05,0.0004521,8.3e-06,7.53e-05,7.54e-05,0.0040317,0.0007783,0.0016048
T>A,TTT,0.002255,0.0002048,0.0129718,0.0056167,0.0087544,0.0004264,0.0007976,0,0.2792232,0.0273092,0.0378607,0.0169756,0.0052899,0.0015239,0.0006737,0.0052466,6.2e-05,0.0018158,0.0004746,0.0071583,0.0019761,0.0013061,0.0071032,0.000673,0.0067141,7.64e-05,0.0301226,0.0021851,0.0013134,0.0057196,0.0007012,0.0027235,0.0459877,0.0054143,0.0027039,0.0019485,0.0025042,0.0107431,0.02097,0.0005303,0.00086,0.004353,0.0004262,0.000331,0.0029487,0.0063824,0.0013387,0.0050776
T>C,ATA,0.0010903,6.17e-05,0.0164925,0.007953,0.0461521,0.0022123,0.0004903,0.0010152,0.0002878,0.0043586,0.0097722,0.0202502,0.0007447,0.0093515,0.0011355,0.0736131,0.0019065,0.0125517,0.0038854,0.2416058,9.65e-05,9.73e-05,0.0020166,0.0025885,0.0106789,0.0167364,0.0250296,0.0063977,0.0848265,0.0005486,0.0006105,0.0124983,0.0046153,0.0020445,0.0052543,0.0732599,0.0027903,0.0111972,0.018747,0.0012933,0.0012211,0.0028347,0.001098,0.000613,0.00263,0.0025926,0.0037529,0.0112935
T>C,ATC,0.0030445,2.15e-05,0.0077571,0.0007154,0.0134393,0.0011277,0.0002272,0.0004559,0.0005334,0.0039265,0.0050117,0.010518,0.0036231,0.0005101,0.0009377,0.0403462,0.0001421,0.0062964,0.0019647,0.01286,0.0126859,0.000252,0.0020859,0.0005943,0.0045458,0.0100211,0.0008987,0.002181,0.0260836,0.0004411,0.0004585,0.0037459,0.0012257,0.0008207,0.001689,0.0384068,0.0016387,0.005642,0.0073393,0.0002766,0.0004184,0.0056708,0.0001894,8.14e-05,0.0092784,0.0192505,0.0018817,0.0036984
T>C,ATG,0.0001065,1.32e-05,0.0123464,0.0050019,0.0382257,0.0042386,0.0001865,0.0015015,0.0010696,0.0091931,0.0069825,0.0142751,0.0021398,0.0005308,0.0003197,0.0705049,0.0004279,0.0124119,0.0002396,0.0639096,0.0003756,0,0.0020799,0.0023061,0.0186073,0.0038775,0.0077527,0.0017622,0.0785074,0.000405,0.0002766,0.073399,1.95e-05,0.0009202,0.0038363,0.0168068,0.0021736,0.0096441,0.0154541,3.5e-06,0.0004145,0.0020948,0.0002845,0.0001999,0.0011274,0.0039513,0.0026161,0.0082546
T>C,ATT,0.0057408,0.0001551,0.0173367,0.0015559,0.0383037,0.0005019,0.0006146,0.0021531,0.0026523,0.0510197,0.0148572,0.0290369,0.0033605,0.0001496,0.0011895,0.0637522,0.0009587,0.0059749,0.000929,0.1360664,0.007785,0.0005441,0.0042365,0.001736,0.0001032,0.0256447,0.000755,0.0024405,0.0371572,0.0005954,0.0005453,0.00921,0.0023419,0.0020303,0.0051228,0.0480287,0.003485,0.013626,0.0194397,3.63e-05,0.0034999,0.0012975,0.0011149,0.0004819,0.0049232,0.0018703,0.0049231,0.0071765
T>C,CTA,0,0.0003022,0.0088333,0.0051768,0.0133391,0.0016598,0.0004508,0.0015338,0.0075713,0.0101593,0.0023904,0.0137073,0.0001224,0.001316,0.000328,0.045399,4.74e-05,0.003163,0.0007502,0.0106978,0.0110621,0.000647,0.000386,0.0004519,0.0116857,0.0115363,0.0067411,0.0022708,0.0520221,0.0013167,0.0012684,0.0150688,0.0005937,0.0013316,0.0014987,0.0499663,0.0019548,0.0073366,0.010878,0.0008791,4.7e-05,0.0019102,0.0001451,0.0001214,0.0008392,0.0041839,0.0023866,0.0101135
T>C,CTC,0.0025024,2.85e-05,0.0144897,0.0023641,0.0104468,0.0010254,0.0002594,0.0008396,0.0035788,8.89e-05,0.0069956,0.0153376,4.12e-05,0.0001235,0.0007131,0.0497154,0.0001222,0.0053363,0.0021517,0.003171,0.1732769,0.0064582,0.002463,8.14e-05,0.0048321,0.002824,0.0013405,0.0022422,0.0312235,0.0026248,0.0013832,0.0300862,4.04e-05,0.0020156,0.0018828,0.0217813,0.0023206,0.0079096,0.0098673,0.0027862,0.0008021,0.0062792,0.0004499,0.000178,0.0177321,0.0710897,0.0013114,0.0040667
T>C,CTG,0.0003605,0,0.0101373,0.0054982,0.0207995,0.0053199,0.0001042,0.0007301,0.0021724,0.0009346,0.0012614,0.0153903,0.0010535,2.53e-05,0.0001307,0.0374263,0,0.0044721,0.0013888,0.0096055,0.0872821,0.0039207,0.0016234,0.0004982,0.0261213,0.0144115,0.0020254,0.0042181,0.0786594,0.0024924,0.0012724,0.0400022,0.0008111,0.0015594,0.0018549,0.0099498,0.0025416,0.0077704,0.0104845,0.0005801,1.48e-05,0.0031042,3.21e-05,0.0001079,0.0024227,0.0029311,0.0012298,0.0084865
T>C,CTT,4.26e-05,0.000186,0.0157779,0.0025613,0.0148869,0.0012681,0.0018167,0.0057338,0.0430872,0.0396831,0.0064558,0.0329162,2.4e-06,0.0008148,8.45e-05,0.0459372,0.0001121,0.0020619,0.0017548,0.0155407,0.425929,0.0182896,0.002558,0.0003913,0.0069006,0.0217097,0.0005361,0.0036271,0.055513,0.000367,0.004098,0.0030663,0.0015915,0.0031802,0.0021643,0.0503585,0.0042722,0.0085942,0.0136121,0.0021024,0.0003464,0.0054541,6.77e-05,9.74e-05,0.0013846,0.006637,0.0023448,0.0054158
T>C,GTA,0.0010525,0,0.0099839,0.0029045,0.0141366,0.0025708,0.0001005,0.000266,0,0.0008005,0.0025975,0.0095176,0.002198,0.0147091,0.0008087,0.0710627,0.0002873,0.0109827,0.0129005,0.002058,0.0001228,5.95e-05,0.0007085,0.0009538,0.0027568,0.2225227,0.0007209,0.0036998,0.0835441,0.0004911,0.0009354,0.0122301,0.0001088,0.0005653,0.0023401,0.0307477,0.0017022,0.0074747,0.0060112,0.0007612,0.0006761,0.0004173,0.000157,6.59e-05,0.0013766,0.0011834,0.002421,0.0056132
T>C,GTC,0.0019046,2.74e-05,0.0056447,0.0011824,0.0079409,0.0011108,7.41e-05,0,0.0004232,0.00232,0.0026189,0.0097766,0.0062781,0.0053253,0.0008599,0.0304219,0.0001823,0.0065404,0.011624,0.0011915,0.0149355,0.0014959,0.0022551,0.0003705,0.0022627,0.0663457,0.0012446,0.0036504,0.0248042,0.0005873,0.0005555,0.0079425,0.0006455,0.0020293,0.0014009,0.0182239,0.0021614,0.0068861,0.0045773,0.0006351,0.0003166,0.0010911,0.0001293,0.0001508,0.0053791,0.0022717,0.0020453,0.006684
T>C,GTG,0.001175,0.0001065,0.010907,0.0023672,0.0149561,0.0024543,7.25e-05,0.0005294,0.0002317,0.0025676,0.0028085,0.0063052,0,0.0013751,0.0005614,0.0415128,0.0001951,0.01095,0.0059464,0.0042758,0.0035727,0.0010102,0.0039814,0.0009532,0.0040614,0.1170987,0.0005814,0.0026657,0.0712455,0.0007307,0.000501,0.2070236,0.0004399,0.0001907,0.0018369,0.0098311,0.0018678,0.0057447,0.0056505,0.0005001,0.0007291,0.0030986,4.67e-05,6.53e-05,0.0037099,0.0045559,0.0009137,0.0025618
T>C,GTT,7.13e-05,1.25e-05,0.0101736,0.0007551,0.0137175,0.0009056,0.000811,0.0068459,0.0070724,0.3180433,0.0062933,0.0098635,0.0052862,0.0114956,0.0002369,0.0463289,0,0.011235,0.0058567,0.0024016,0.005236,0.0014657,0.0031465,0.0023643,0.0009275,0.1330473,0.0008342,0.003986,0.0551933,0.0008509,0.0004455,0.0097089,0,0.0004213,0.0026452,0.0400371,0.0030534,0.0075125,0.0073134,0.0006957,0.0005686,0.0031911,0.0001097,0.0001753,0.0011707,0.0040096,0.0031145,0.0069919
T>C,TTA,0.0002547,0,0.0152299,0.0024111,0.0179801,0.0014794,0.0021527,0.0059965,0.0301991,0.0812352,0.0020803,0.0139592,0.0007298,0.008862,0.0001129,0.0860557,2.21e-05,0.0062723,0.0034221,0.0129588,0.0020914,0.0010639,0.0017989,0.0012364,0.013775,0.0841804,0.0046339,0.0014606,0.0422691,0.001305,0.0005445,0.0110229,0.0013992,0.0003677,0.002969,0.0477286,0.0021092,0.0059358,0.0102203,0.0002398,0.0002977,0.0013671,0.0006045,0.0001732,0.0010896,0.0044575,0.0027653,0.0071057
T>C,TTC,0.003393,4.35e-05,0.0089948,0.000503,0.0097061,0.0010853,0.0005961,0.0017332,0.0208859,0.0142931,0.0026448,0.0136054,0.0051689,8.1e-05,0.0004669,0.0462997,2.49e-05,0.0028812,0.0059158,0.0036738,0.0152656,0.0011035,0.0061844,0.0005534,0.0165834,0.0548133,0,0.0030024,0.0314389,0.002046,0.0002857,0.012451,0.0062364,0.0008216,0.0022777,0.0451345,0.0021907,0.0064445,0.0075519,0.0010909,0.0005727,0.0175275,0.000404,8.47e-05,0.0289562,0.0039309,0.0021843,0.005033
T>C,TTG,0.0004159,0.0001172,0.0069268,0.0017405,0.0127073,0.0021286,0.0003187,0.0038071,0.0129286,0.0227767,0,0.0093088,0.000363,0.0006683,0.0001547,0.0400078,9.98e-05,0.004308,0.0013241,0.0072277,0.0023492,0.0012068,0.0032641,0.0010756,0.0119547,0.0276247,0.0012217,0.0020329,0.0303004,0.0014103,0.0002031,0.3204434,0.0011018,0.0004377,0.0013754,0.0100211,0.0019184,0.0049789,0.0060147,0.0001086,0.0015918,0.001584,0.0002966,6.31e-05,0.0010243,0.0024695,0.0010671,0.0047166
T>C,TTT,0.0043273,3.58e-05,0.0139073,0.0006356,0.0185186,0.0017371,0.0008122,0.0029708,0.0880588,0.0430865,0.0045726,0.0384005,0.0032519,2.51e-05,0.0001056,0.0597155,0.0005309,0.0029218,0.0013454,0.00839,0.0209675,0.0010021,0.0033724,0.0014699,0.019254,0.0406949,0,0.0036682,0.0573975,0.002059,0.0004453,0.0091157,0.0070818,0.0010636,0.0028012,0.0614442,0.0030649,0.0094841,0.0101646,0.0013197,8.58e-05,0.0115493,0.0005321,0.0002081,0.0051074,0.0213233,0.0019981,0.00219
T>G,ATA,0.0001724,0.0002375,0.0039518,0.0010486,0.0038579,2.57e-05,0.0004734,8.44e-05,0.0118626,0.0037009,0.0016366,0.045121,0.0019171,3.47e-05,0.0002182,0.0020088,6.14e-05,0.0002117,0.0004684,0.0112354,0.0008515,0.0014114,0.0007207,0.0023262,1.05e-05,0.0003919,0.0023251,0.0032137,0.0029159,0.009868,3.9e-05,0.0009793,0.0028172,0.0030524,0.0010914,0.0217041,0.0011504,0.0038774,0.0072269,0.0250496,0.0005088,0.0001707,0.0005171,0.0001956,0.0007433,0.0007228,0.0017257,0.0045945
T>G,ATC,0.0002067,7.46e-05,0.0026024,0.0001593,0.002599,0.0002039,0.0002466,0.0009317,0.0010477,0.0026609,0.0006677,0.0069256,0.001241,5.33e-05,4.67e-05,0.0006641,0,0.0029738,0.0004151,0.0044092,0.0007002,0.004482,0.0008583,0.0018863,2.13e-05,0.0004375,5.09e-05,0.0013987,0.0025318,0.0172913,0.0001104,0.000302,0.0004616,0.000966,0.0006225,0.010586,0.0010666,0.0029744,0.0070489,0.0104957,0.000255,0.0017198,4.1e-05,8.28e-05,0.0006067,0.0040914,0.0005289,0.0028981
T>G,ATG,0.0002683,2e-06,0.0063041,0.001416,0.0079381,0.0001068,0.0002759,0.001466,0.0006045,0.0106058,0.00477,0.0053321,0.0003199,0.0005232,0.0001794,0.0008076,8.25e-05,0.0007089,0.0001848,0.0046206,0.0007188,0.0009899,0.0019933,0.0017731,2.69e-05,0.000187,0.0029507,0.0020617,0.0022929,0.0076842,0.0004104,0.0004753,0.0001974,0.0044825,0.000936,0.0168163,0.0020732,0.0076613,0.008058,0.0261042,0.0005648,0.003682,0.0003512,0.0001256,0.003937,0.0277539,0.0011909,0.0050587
T>G,ATT,0.0001116,3.8e-06,0.0039731,0.0002159,0.0048275,0.0003857,0.0003086,0.0007327,0,0.014261,0.0007396,0.023923,0.0092236,0,0.0002848,0.0012799,0.0003203,0.0111236,0.0036304,0.0079552,0.0125363,0.0691259,0.0018383,0.0016206,5.82e-05,6.95e-05,4.18e-05,0.0047079,0.0059313,0.1151806,0.0007944,0.0007579,0.0011499,0.0026348,0.0009843,0.0246847,0.0028643,0.0064155,0.0180228,0.0164473,0.0002295,0.0080842,0.0001987,0.0001259,0.0001025,0.0021313,0.0018565,0.0020616
T>G,CTA,3.55e-05,0.0001535,0.0043662,0.0008703,0.0025886,4.95e-05,8.42e-05,0.0003591,0.0032755,0.0014831,0.0012221,0.0259596,0.0001548,0.0002266,0,0.0008932,4.14e-05,4.85e-05,0.0002056,0.0039572,0.0003097,0.0020541,0.0001109,0.0007137,0.0009629,4.3e-06,0.0049145,0.0014261,0.0014238,0.0146059,0.000198,0.0007277,0.0010569,0.0037127,0.0004776,0.002602,0.0009825,0.005296,0.0033541,0.0032264,0.0003303,0.0001371,0.0001337,0.0001057,0.0008942,0.0027762,0.0008027,0.0014875
T>G,CTC,0.0002122,0.0001548,0.0070397,0.0004414,0.0046062,0.000784,0.0001716,0.0007919,0.0055763,4.98e-05,0.0019497,0.0074112,0,0.0011527,0,0.0011394,2.8e-06,0.00121,0.0001567,0.00108,0.0010362,0.0313976,0.0019906,0.0020906,0.0015951,5.44e-05,0.0008803,0.0008805,0.0049443,0.0220609,0.0002151,0.0009486,0,0.0005179,0.0005664,0.0023762,0.0014135,0.0073907,0.0056685,0.0041578,0.0001463,5.15e-05,9.28e-05,2.67e-05,6.18e-05,0.0025571,0.0007754,0.0042366
T>G,CTG,0.0001281,0.0001206,0.0107082,0.0037875,0.0061307,0.000924,0,0.0012899,0.0011918,2.58e-05,0.0046976,0.014163,5.35e-05,0.0004788,0,0.0005931,0,0.0004352,0.0002718,0.0022404,1.9e-06,0.0136906,0.0029289,0.0013272,0.0027058,2.01e-05,0.00803,0.0030415,0.0055585,0.0155236,7.85e-05,0.0010655,0.0004358,0.0063628,0.0008874,0.003766,0.0015905,0.0098307,0.0055896,0.0071113,0.0001086,0.0036737,0.0001038,0.0001116,0.0036618,0.0059282,0.0007956,0.0029848
T>G,CTT,0.0001712,0.0002028,0.0070257,0.0011965,0.0072986,0.0013036,2.65e-05,3.7e-06,0.0034017,0.0001558,0.0005739,0.0564542,0.0013037,0.0052283,0.0001328,0.0003438,5.55e-05,0.0009622,0.002491,0.0025436,0.005313,0.5497564,0.0041408,0.0022032,0.0051121,0.0001849,0.0011851,0.0047111,0.0077966,0.1010257,0.0002653,0.0001918,7e-07,0.0027103,0.001074,0.0041119,0.0068806,0.0049396,0.0131332,1.8e-05,1.76e-05,0.000107,6.57e-05,9.29e-05,0.0004711,0.002296,0.0008633,0.0027164
T>G,GTA,0,0.0002087,0.0044207,0.000598,0.0025246,4.35e-05,9.06e-05,0.0003227,0.0024767,7.48e-05,0.0013081,0.0082983,0.0002042,0.0004815,9.57e-05,0.000412,8.77e-05,7.79e-05,0.0002025,0.0009019,0.0004947,0.0002809,0.0008699,0.0006361,0,0.0002856,0.0015949,0.0010651,0.0013714,0.0011585,0.0001884,0.0005808,0.0003654,0.0017597,0.0001851,0.0118312,0.0005044,0.0033293,0.002491,0.0281805,0.0002784,0.0219857,7.6e-06,6.61e-05,0.0086711,0.0021866,0.0011261,0.0043805
T>G,GTC,0,0.0001328,0.0023357,0.0002532,0.001707,0.0002131,0.0001211,0.0003205,0.0016576,2.23e-05,0.0006556,0.0058502,0.0008335,0.000942,0,0.0002128,0,0.0020981,0.00058,0.0009013,0.0002035,0.0062451,3.7e-05,0.0007035,6.65e-05,0.0005332,0.0002363,0.001531,0.0012096,0.0019307,0.0003529,0.0006369,0,0.0050715,0.0003133,0.0068558,0.000939,0.005803,0.0022371,0.0287575,0.000213,0.0104236,0.0001346,4.37e-05,0.0095946,0.005301,0.0005615,0.0017394
T>G,GTG,0.0003482,3.71e-05,0.0108589,0.0024337,0.0052995,0.0002739,0.0003252,0.0024098,0.0060324,0.0037952,0.0039651,0.0039726,0,0.0017311,0.0001305,0.0004956,0.0004259,0.0007805,0.0003474,0.0006748,0.0008346,0.0014844,0.0058331,0.0005096,8.7e-05,0.0002127,0.0004501,0.0031309,0.0023539,0.0031252,0.001383,0.0054166,5.65e-05,0.0040351,0.0015282,0.0098257,0.0021554,0.0077212,0.0044488,0.6623757,7.34e-05,0.0271726,6.63e-05,0.0001472,0.035118,0.0762299,0.0013738,0.004726
T>G,GTT,1.46e-05,0,0.0058258,0.0002517,0.0023519,0.000787,0.0008345,0.0018283,0.0067502,0.0068376,0.0012913,0.0193716,0.002209,0.0051611,0.0001536,0.0001653,2.9e-06,0.0022528,0.0013925,0.0023892,0.0072364,0.1138865,0.0021433,0.0003409,0.0035598,0.0025912,1.96e-05,0.0026832,0.0060532,0.0206066,0.0001599,0.0004513,0.0004166,0.0033507,0.0004886,0.0170972,0.0033368,0.0059363,0.0054794,0.0474252,0.0001606,0.0883588,1.15e-05,0.0001017,0.0364922,0.0020908,0.0008639,0.0020284
T>G,TTA,0,1.67e-05,0.0072463,0.0003774,0.0052235,0.0001048,0.000128,0.0009551,0.0192801,0.0002106,0,0.0657194,0.0026889,0.0112927,8.51e-05,0.0016331,0.000184,9.92e-05,0.0002306,0.0097848,0,1.22e-05,0.0006962,0.001664,0,0.0004649,0.0050577,0.0001233,0.0014298,0.0423375,0.000118,0.0004684,0,0.0042908,0.0007878,0.0183249,0.001174,0.0083856,0.0084618,0.0016067,0.0006018,0.0024066,0.0002498,0.00015,0.0003271,0.0025529,0.001431,0.0013034
T>G,TTC,5.51e-05,7.04e-05,0.0062793,0.0001738,0.006556,0.0002867,0.0001157,0.0015525,0.0174412,0.0001152,0.0011413,0.0086174,0,0.0055537,6.73e-05,0.0011291,0,0.001198,0.0002941,0.0055145,0.0001164,0.0087462,0.0020976,0.0020174,0,0.0003786,0.0007516,0.0026422,0.0017189,0.0356976,9.64e-05,0.0001641,0,0.0019424,0.0007437,0.0195395,0.0009033,0.0050824,0.0113694,0.010569,0.0003448,2.25e-05,0.000222,0.0001381,0.0006552,0.003474,0.0011198,0.0043554
T>G,TTG,0.0005832,9.54e-05,0.0080522,0.0023201,0.006937,0.0003241,0,0.0013516,0.0076368,0.0001251,0.003094,0.010896,2.16e-05,0.0027562,0.0001007,0.0008753,3.67e-05,0.0001145,0.0001478,0.0052423,0.0009195,0.0047825,0.0014457,0.002071,0.0027855,0.0001312,0.0055653,0.0030371,0.0028437,0.0140079,0.000813,0.0009594,0.0015217,0.0048168,0.0009017,0.0302484,0.0018987,0.007276,0.0086623,0.023939,0.0002722,0.0015382,0.0003495,0.0001123,0.0087192,0.0027578,0.0014777,0.0061525
T>G,TTT,0,0,0.0105253,0.0005683,0.0134948,0.0010108,8.29e-05,0.0017704,0.021707,0.0001665,0.0009965,0.0639003,0.0189135,0.0908929,5.55e-05,0.0022065,1.89e-05,0.0006052,0.0059929,0.0158475,0.004579,0.1222871,0.0051551,0.0042255,0.0015133,0,0.0005952,0.0039607,0.0094456,0.4786936,0.0088879,0.0022527,0.0002324,0.0036236,0.0018061,0.0290774,0.0052865,0.0108895,0.0249742,0.0317939,0,0.0036211,3e-07,0.0003638,0.0015984,0.0029084,0.002534,0.007049
