caaa,caac,caag,caat,caca,cacc,cacg,cact,caga,cagc,cagg,cagt,cata,catc,catg,catt,cgaa,cgac,cgag,cgat,cgca,cgcc,cgcg,cgct,cgga,cggc,cggg,cggt,cgta,cgtc,cgtg,cgtt,ctaa,ctac,ctag,ctat,ctca,ctcc,ctcg,ctct,ctga,ctgc,ctgg,ctgt,ctta,cttc,cttg,cttt,taaa,taac,taag,taat,taca,tacc,tacg,tact,taga,tagc,tagg,tagt,tata,tatc,tatg,tatt,tcaa,tcac,tcag,tcat,tcca,tccc,tccg,tcct,tcga,tcgc,tcgg,tcgt,tcta,tctc,tctg,tctt,tgaa,tgac,tgag,tgat,tgca,tgcc,tgcg,tgct,tgga,tggc,tggg,tggt,tgta,tgtc,tgtg,tgtt,tumor,ndel,nins,nmsi_del,nmsi_ins,msisensor
1,2,0,3,3,1,2,2,5,0,0,4,3,2,1,4,2,0,0,1,0,0,0,2,0,0,2,1,2,0,0,3,2,1,22,0,5,4,25,4,1,2,23,3,2,3,20,5,0,0,0,0,0,0,0,0,0,0,1,0,0,0,0,0,0,0,1,1,1,0,1,1,0,2,0,2,1,1,0,0,0,0,0,0,1,1,0,0,0,0,0,0,0,0,0,0,TCGA-3L-AA1B,2,1,1,1,0.05
0,5,0,2,2,1,2,2,2,3,0,1,3,2,1,5,0,0,0,0,1,0,1,1,0,1,0,0,0,0,0,1,1,3,22,1,1,0,15,6,2,3,12,5,2,2,12,1,0,2,0,0,0,0,0,0,0,0,0,0,1,1,0,0,0,2,2,1,1,0,3,1,0,0,1,1,0,0,0,0,1,0,0,0,0,0,1,1,0,0,0,0,0,1,0,1,TCGA-4N-A93T,5,1,2,1,0.69
1,3,0,0,0,3,1,3,1,3,1,1,1,2,1,5,0,0,0,1,0,0,0,2,0,2,0,0,0,1,0,1,4,1,22,6,2,8,22,8,4,0,30,4,2,2,12,5,0,0,0,0,0,0,0,0,0,0,0,2,1,0,0,0,2,0,2,1,0,2,0,1,0,1,1,0,0,0,0,0,0,0,0,0,0,0,0,0,0,0,1,0,0,1,0,1,TCGA-4T-AA8H,4,2,1,1,0.17
3,1,0,1,3,2,1,2,4,5,0,4,2,4,0,7,0,3,1,2,2,4,1,1,0,3,2,3,1,0,1,12,2,4,22,2,4,4,26,1,4,2,32,3,3,2,11,1,1,2,2,1,1,0,1,5,1,0,0,0,0,1,0,0,0,1,1,2,0,1,2,2,0,1,0,2,2,3,0,3,0,1,0,2,1,2,3,9,0,0,0,2,1,0,1,3,TCGA-5M-AAT4,6,4,1,2,0.55
2,2,0,0,0,1,0,1,2,1,0,1,3,2,0,6,0,1,0,1,0,0,2,0,0,0,1,0,1,0,0,0,0,2,15,3,2,4,21,1,2,1,20,2,2,2,6,1,0,0,0,1,0,0,1,0,0,0,0,0,2,0,0,0,1,0,1,1,0,2,0,2,1,1,0,0,1,0,0,0,0,0,0,0,0,0,1,1,0,0,0,0,0,1,0,0,TCGA-5M-AAT5,3,3,1,2,0.35
4,1,0,4,12,27,15,66,2,15,5,16,1,4,2,5,0,2,0,5,1,0,0,1,2,3,0,2,0,2,0,0,33,29,353,15,13,13,296,9,62,108,474,83,7,17,151,6,2,2,1,3,3,1,3,2,0,2,0,2,2,2,2,1,27,36,67,11,33,39,116,25,56,39,52,35,13,16,13,5,0,5,2,2,1,7,19,12,1,5,2,4,1,0,1,3,TCGA-5M-AAT6,360,46,300,30,20.58
0,0,0,2,0,1,1,0,0,0,1,1,1,1,1,2,0,1,0,0,0,0,1,0,0,0,1,0,0,0,0,0,0,3,17,1,1,3,14,0,3,4,19,0,1,2,9,1,1,1,0,0,1,0,2,2,0,1,0,0,0,1,0,0,0,2,0,0,0,0,1,0,1,0,1,2,2,1,0,2,0,1,0,0,2,2,0,1,0,0,0,0,1,0,0,0,TCGA-5M-AATA,2,1,2,0,0.08
0,2,0,1,2,0,0,2,0,1,1,2,2,0,2,4,0,2,0,0,3,0,1,1,1,0,0,0,0,1,0,5,5,1,29,4,2,4,20,3,4,2,24,4,5,2,13,3,0,0,1,1,1,1,0,1,0,0,1,0,0,0,0,0,1,0,0,3,0,1,1,1,1,2,0,3,1,0,1,1,0,1,0,0,0,1,0,3,0,0,1,0,0,1,1,1,TCGA-5M-AATE,2,2,1,1,0.47
2,2,0,0,4,2,5,0,4,2,0,0,2,4,4,4,0,0,0,0,2,6,2,0,0,2,2,0,0,0,0,4,0,2,26,0,2,0,19,0,1,4,27,4,0,6,10,2,2,0,0,0,0,0,0,0,0,0,0,0,2,0,0,0,2,0,0,4,0,4,0,0,0,0,0,0,2,2,0,2,0,0,0,0,0,0,2,0,0,0,0,0,2,0,0,4,TCGA-A6-2671,15,4,2,2,0.37
2,2,2,1,6,6,0,2,7,4,2,8,2,4,0,5,0,0,0,0,1,0,0,8,0,2,0,2,11,2,0,13,5,4,43,3,2,5,41,2,2,2,48,2,13,11,24,4,0,0,0,0,0,0,2,0,0,0,0,0,2,0,0,0,2,0,4,0,0,2,1,5,3,0,2,4,0,0,2,0,0,2,4,0,0,0,2,3,0,0,0,2,0,0,2,5,TCGA-A6-2674,4,3,2,1,0.02
6,4,0,2,4,2,0,0,0,0,0,0,0,2,0,4,0,2,0,0,0,2,2,0,0,0,2,0,2,0,0,2,0,2,52,2,2,6,40,2,6,0,54,6,8,4,20,8,0,0,0,2,0,0,0,2,0,0,0,0,0,0,2,2,2,6,0,10,2,2,2,0,2,5,0,0,0,2,1,0,0,0,0,0,0,0,0,2,0,0,0,0,0,0,2,0,TCGA-A6-2675,4,2,2,0,0.05
1,7,0,0,2,2,0,6,12,6,0,4,4,2,2,6,3,2,0,0,2,2,2,0,0,2,0,6,2,4,0,2,8,4,51,4,8,5,47,12,4,7,48,8,2,4,42,4,0,2,0,2,0,2,0,2,2,0,0,0,0,0,0,2,0,0,0,2,4,4,6,4,0,0,0,6,0,2,0,2,2,0,0,2,0,0,0,2,0,0,0,0,2,0,2,4,TCGA-A6-2677,8,2,5,0,0
0,0,0,0,0,0,0,0,2,2,0,0,2,0,0,0,0,0,0,0,0,0,0,0,2,2,0,4,0,2,0,2,0,0,4,0,2,2,8,0,2,2,9,2,2,0,9,0,0,0,0,0,0,0,0,0,0,0,0,1,0,0,0,0,0,0,0,0,0,0,0,2,1,0,0,0,0,0,0,0,0,0,0,0,0,0,0,0,0,0,0,0,0,0,0,0,TCGA-A6-2678,0,0,0,0,0.64
4,4,0,0,2,2,2,4,4,4,8,12,4,6,2,4,0,2,0,2,2,0,0,6,0,2,0,0,0,2,0,2,2,2,46,4,12,0,48,0,2,3,42,3,0,6,20,2,0,2,0,4,2,0,4,0,0,0,4,0,4,2,4,2,4,6,2,2,0,10,8,5,4,2,0,2,0,2,0,0,0,0,0,0,0,0,4,6,0,0,2,0,0,2,0,6,TCGA-A6-2681,4,4,3,0,0.13
0,0,0,0,2,0,0,0,0,0,0,2,0,2,0,0,0,0,0,0,0,0,0,2,0,2,0,0,2,0,0,0,0,0,14,0,0,2,21,4,0,4,8,2,0,0,6,3,0,0,0,0,0,0,0,0,0,0,1,0,0,2,4,0,2,0,0,0,0,2,2,0,0,0,0,0,0,0,0,0,0,0,0,0,0,0,0,2,0,0,0,0,0,0,0,0,TCGA-A6-2683,0,2,0,2,1.46
4,4,0,2,0,0,0,2,4,2,2,2,2,2,2,2,0,2,2,2,2,0,0,0,0,2,0,0,2,0,0,4,4,6,35,4,10,3,48,8,2,2,50,4,11,0,22,0,0,0,2,0,0,0,2,2,0,2,0,2,0,0,0,0,2,0,2,6,0,0,4,5,2,0,0,0,0,0,2,2,0,0,0,0,0,0,0,0,0,0,0,0,0,2,0,0,TCGA-A6-2684,3,4,1,0,14.49
0,0,0,2,2,2,2,0,0,4,4,3,4,2,0,2,2,0,0,0,1,3,0,0,2,2,1,0,2,0,0,4,0,0,12,0,0,0,22,0,2,0,16,6,4,7,8,0,0,0,0,0,0,2,0,4,0,0,0,0,0,0,0,0,0,0,0,0,0,2,2,0,0,0,0,0,0,0,4,0,0,0,0,0,0,0,0,0,0,0,0,0,0,0,0,0,TCGA-A6-2685,0,2,0,0,0
7,8,1,18,53,114,60,250,10,20,8,38,14,18,8,38,4,4,6,8,1,2,2,2,4,8,2,6,4,2,2,6,80,62,554,54,45,77,631,72,198,314,834,219,39,43,278,33,0,12,0,20,0,8,12,6,6,10,8,4,4,18,2,6,32,24,80,9,32,25,102,40,39,38,64,25,30,24,49,21,2,0,4,0,0,16,18,24,0,0,6,4,0,6,0,2,TCGA-A6-2686,935,179,746,144,41.35
2,0,0,2,0,0,0,1,0,0,1,1,1,1,1,1,1,0,1,2,0,0,0,0,0,0,0,1,3,0,0,2,2,2,7,2,7,1,8,4,2,1,7,0,10,4,12,8,0,0,1,3,0,1,1,3,0,0,0,1,0,0,0,0,0,2,0,0,0,0,0,0,1,1,0,2,1,2,0,1,1,0,0,0,0,0,1,1,0,0,2,0,1,0,0,0,TCGA-A6-3807,2,0,0,0,1.24
1,4,2,2,0,0,0,1,1,2,2,2,0,1,3,2,1,0,0,2,0,1,0,1,0,0,0,0,0,0,1,1,1,2,21,2,6,3,20,1,5,11,24,1,5,7,10,6,0,0,0,1,0,1,0,2,1,0,0,0,1,1,0,1,1,2,2,1,2,2,0,2,1,1,0,1,0,3,2,3,0,0,0,1,0,0,0,2,0,0,1,1,1,0,0,2,TCGA-A6-3808,3,11,1,9,0.62
2,6,0,3,11,27,16,64,9,14,6,23,8,7,5,15,3,2,1,3,0,0,2,1,2,7,3,2,0,1,0,1,23,20,136,13,12,15,125,13,47,79,205,46,8,7,44,3,2,3,2,4,0,7,2,1,0,5,3,2,3,0,2,0,14,18,33,13,12,13,61,19,29,25,39,16,6,11,11,9,0,1,1,5,0,10,12,19,0,5,5,10,0,2,3,7,TCGA-A6-3809,297,48,259,40,36.48
3,3,0,3,2,3,0,3,2,3,2,1,0,3,2,3,1,0,1,1,0,0,0,2,1,0,1,1,2,2,2,5,5,5,34,0,4,6,20,7,5,3,25,3,9,6,17,5,1,0,2,0,1,1,0,2,0,1,0,0,1,0,1,1,3,0,3,2,1,3,2,3,0,0,2,3,0,1,0,0,0,0,0,2,0,0,2,5,1,0,1,1,0,2,0,1,TCGA-A6-3810,1,0,0,0,1.08
4,2,0,1,3,1,0,3,7,0,1,7,4,3,0,0,1,0,2,0,0,0,1,0,0,2,0,1,1,2,3,5,2,1,23,3,2,1,18,2,4,3,34,1,3,5,8,4,2,0,0,1,0,1,1,3,0,1,2,1,1,0,0,1,0,2,4,4,4,1,1,0,1,4,1,3,1,2,0,0,1,0,0,0,1,0,0,2,0,0,1,1,1,0,0,2,TCGA-A6-4105,1,3,0,1,0.3
8,4,0,0,4,0,2,6,10,2,4,6,6,4,0,16,0,0,0,1,0,2,0,4,4,2,0,0,0,2,0,8,8,0,63,10,4,6,77,14,10,11,52,9,6,4,31,6,0,2,0,2,2,0,4,6,0,0,0,2,4,0,2,2,4,4,10,0,2,4,6,10,2,2,0,2,2,2,0,4,0,0,0,0,0,0,2,0,0,0,0,2,2,2,2,4,TCGA-A6-4107,6,6,2,2,0.01
1,0,2,0,0,3,0,0,3,1,0,2,3,2,0,2,0,0,0,0,1,2,0,1,1,0,1,1,0,1,1,0,4,1,29,1,1,3,22,3,1,2,29,1,2,1,14,2,0,0,0,1,1,0,0,0,0,0,0,0,0,1,0,0,0,1,1,1,2,1,1,1,2,0,0,2,2,0,0,0,0,1,1,1,0,0,1,1,0,1,0,0,0,0,0,0,TCGA-A6-5656,5,3,1,2,15.42
6,0,2,4,8,2,0,4,8,6,4,10,6,6,2,4,0,0,0,6,0,2,0,0,0,0,0,0,2,0,0,2,2,6,43,2,8,10,33,4,0,1,26,8,12,2,32,12,2,0,0,0,0,0,0,0,0,0,3,0,0,2,0,0,0,0,0,2,0,5,0,0,2,1,0,0,0,2,2,3,2,0,2,0,0,2,0,0,0,0,0,2,0,0,4,0,TCGA-A6-5657,4,7,0,3,0.13
10,4,1,8,8,6,3,4,14,12,6,14,13,10,0,16,0,2,0,2,0,0,0,2,2,0,1,0,0,0,0,2,2,2,59,10,16,8,97,8,6,14,68,2,12,7,70,5,0,2,4,2,2,0,4,2,2,0,2,3,0,0,0,2,6,2,4,7,0,4,8,0,4,1,0,2,0,0,2,0,0,0,2,2,2,0,0,2,0,3,0,2,0,2,2,2,TCGA-A6-5659,11,2,7,2,1
4,0,0,2,2,2,6,0,4,4,4,4,2,3,0,4,4,2,2,0,4,0,0,4,0,0,2,4,2,2,0,8,2,2,44,2,4,6,48,2,2,6,40,8,5,2,23,4,0,2,0,0,0,2,2,0,0,0,0,0,2,0,0,0,6,5,4,2,0,5,4,2,0,3,4,0,0,2,2,3,0,0,0,0,0,0,2,0,0,0,2,0,2,2,0,3,TCGA-A6-5660,8,9,5,3,0.73
3,17,2,6,20,87,30,152,20,12,8,32,2,18,2,40,6,5,2,4,0,0,2,0,0,11,2,6,0,2,0,2,86,26,388,24,30,28,337,36,162,162,580,118,18,29,173,24,2,6,2,16,2,2,0,8,2,8,4,6,4,0,0,3,24,18,46,6,6,24,58,14,26,26,16,10,16,21,30,12,0,2,0,2,0,8,8,10,2,2,6,2,0,0,0,4,TCGA-A6-5661,471,155,369,112,33.38
6,6,2,0,2,0,2,0,2,0,0,2,0,0,2,0,0,0,0,0,0,0,0,0,0,0,0,0,2,2,0,0,4,2,30,2,4,4,10,2,2,6,25,2,5,4,17,4,0,0,0,4,2,2,2,4,0,0,0,0,0,0,0,2,0,0,2,4,0,0,2,2,2,0,2,2,0,0,0,0,0,0,0,0,2,1,0,0,0,0,0,0,0,0,0,0,TCGA-A6-5662,6,3,1,0,1
2,0,0,1,1,1,0,0,0,0,1,0,1,0,1,3,0,0,0,1,0,1,0,0,0,0,0,0,0,1,0,0,0,0,14,0,0,0,6,3,1,2,10,0,1,0,3,0,0,1,0,0,0,1,0,0,0,0,0,0,0,0,0,0,0,0,0,3,1,2,2,4,0,0,1,3,1,1,1,2,0,0,0,0,0,1,0,0,0,0,0,0,0,0,0,2,TCGA-A6-5664,2,0,0,0,0
9,6,2,11,32,63,34,167,25,36,6,44,16,15,2,38,4,8,0,4,4,2,2,2,2,12,0,4,0,2,0,0,59,43,429,40,37,43,416,32,91,234,631,108,18,39,193,14,2,12,4,14,2,16,6,10,0,18,6,2,1,4,4,7,33,38,94,20,47,50,141,35,171,99,177,93,33,44,58,20,0,10,6,8,8,28,27,33,2,6,10,17,0,4,4,2,TCGA-A6-5665,752,349,616,236,46.78
0,0,2,0,0,4,4,6,8,4,0,0,4,2,0,9,0,0,0,0,0,0,0,0,0,0,0,0,0,1,0,2,0,2,46,0,2,0,28,0,0,2,35,2,4,3,30,4,0,0,0,0,0,0,0,0,0,0,2,0,0,2,0,0,4,4,0,0,0,4,4,3,0,2,2,3,0,0,0,2,0,0,2,0,0,2,2,4,0,0,2,0,0,0,0,2,TCGA-A6-5666,8,3,4,2,1
2,2,0,0,2,2,5,2,4,0,0,2,0,4,0,0,2,0,0,2,0,0,0,0,0,2,0,0,0,0,0,0,2,2,20,0,4,3,32,2,2,2,8,6,8,10,14,2,0,0,2,2,0,0,0,0,2,0,0,0,0,0,2,4,0,4,0,4,0,2,0,0,0,1,0,0,0,0,0,2,0,0,0,0,2,2,0,0,0,2,0,0,0,0,0,2,TCGA-A6-5667,3,5,0,5,1.11
1,3,0,0,0,1,0,0,4,3,0,1,1,1,0,4,1,4,0,1,0,0,0,1,0,0,0,0,1,0,0,1,3,1,24,3,8,3,17,2,3,1,20,4,2,4,14,3,0,1,0,1,0,0,0,1,0,0,0,0,1,0,0,1,0,2,2,0,0,2,0,3,2,2,2,0,0,1,0,1,0,0,0,0,1,0,1,1,0,0,1,0,1,0,0,0,TCGA-A6-6137,4,3,1,3,0.08
0,0,0,3,0,1,1,0,1,2,1,1,2,2,0,1,0,0,0,1,0,0,0,2,0,0,0,1,1,1,0,0,2,4,22,1,5,8,18,6,1,6,18,3,2,2,9,2,0,0,0,0,0,2,0,0,0,1,1,0,0,0,0,1,0,0,0,1,0,0,4,1,0,3,2,0,3,0,0,2,0,0,0,2,0,0,1,1,0,0,0,0,1,0,0,1,TCGA-A6-6138,4,2,1,1,0.22
3,0,0,1,0,2,1,1,1,0,1,0,3,1,0,0,0,1,0,0,0,0,0,0,0,0,1,0,1,0,0,1,2,0,12,0,1,3,17,1,2,4,10,1,2,3,5,2,1,1,0,0,0,0,0,1,2,0,0,1,0,0,1,1,4,0,2,3,0,0,0,0,0,0,1,2,2,1,0,5,1,0,0,0,0,0,0,2,0,0,0,0,1,0,1,2,TCGA-A6-6142,6,1,2,1,0.07
0,0,1,1,0,0,2,0,1,1,0,0,0,2,0,1,0,0,0,0,1,0,0,2,0,0,0,0,1,0,0,2,0,2,7,1,2,3,15,5,0,4,22,5,3,1,5,2,0,0,1,0,0,0,0,1,0,0,0,1,0,2,0,2,1,0,1,1,1,1,2,0,1,0,2,1,1,2,0,0,0,0,1,0,0,0,0,0,0,0,0,0,0,0,1,2,TCGA-A6-6648,5,0,2,0,0.52
1,2,0,1,1,0,0,3,2,0,0,0,0,1,0,3,0,0,0,3,3,0,0,1,0,0,0,0,1,0,0,1,3,1,32,1,3,0,18,3,3,4,25,3,5,5,12,4,0,1,0,2,0,0,1,0,0,0,2,1,0,0,0,1,0,0,2,2,0,2,1,3,0,0,2,0,0,0,0,1,0,0,0,0,0,0,0,1,0,0,0,1,0,1,1,0,TCGA-A6-6649,3,1,1,1,0.19
3,1,2,0,1,0,0,1,4,1,2,1,0,0,0,2,0,0,0,0,1,0,0,2,0,0,1,0,1,3,0,3,2,1,10,2,4,0,11,0,2,0,15,1,6,1,4,1,1,1,2,0,0,0,1,1,0,1,0,0,0,0,0,0,2,1,1,1,0,3,2,2,0,1,2,0,2,0,1,1,0,0,1,1,0,1,1,0,0,0,0,1,1,0,0,1,TCGA-A6-6651,4,1,2,0,0.08
2,0,0,2,1,3,0,0,2,0,0,3,2,0,0,1,0,0,0,0,0,1,0,0,0,0,1,2,1,0,1,3,2,1,13,0,0,1,15,4,2,5,9,3,1,2,3,3,0,2,0,0,0,0,0,1,0,1,0,0,0,0,1,0,0,1,2,0,0,0,0,4,1,0,1,0,2,1,0,1,0,0,0,0,0,0,0,1,1,0,0,0,0,1,0,0,TCGA-A6-6652,6,1,4,0,0.3
0,2,0,1,17,25,9,41,10,7,6,10,2,5,1,8,1,1,0,3,1,0,0,0,0,4,0,0,4,0,0,0,17,22,216,15,6,15,202,12,41,78,210,42,7,14,95,6,1,1,0,2,1,2,1,1,0,3,2,0,5,2,0,1,10,7,16,4,6,11,22,11,27,17,17,14,8,9,6,6,1,3,1,0,1,6,10,8,0,2,2,1,0,0,0,2,TCGA-A6-6653,229,51,181,37,33.02
0,1,0,0,1,0,0,2,4,1,0,1,1,0,0,3,0,0,0,0,1,0,0,0,0,0,0,1,0,1,1,1,1,1,63,1,2,2,41,2,1,2,55,1,5,1,25,4,0,1,0,0,0,0,1,0,1,0,0,0,0,0,1,0,0,3,0,1,1,2,1,1,0,2,0,1,3,0,1,1,0,0,1,0,0,0,0,2,0,0,0,0,0,0,1,1,TCGA-A6-6654,5,3,2,1,0.07
1,2,1,2,16,21,15,88,8,2,3,17,4,10,2,6,1,3,2,4,1,1,1,2,2,3,2,0,0,1,0,3,21,19,145,12,14,15,150,12,33,62,209,47,5,11,49,6,4,4,0,6,2,6,2,0,0,2,3,0,5,1,0,4,17,21,46,11,18,20,65,12,32,17,33,16,9,11,17,6,2,4,1,5,0,8,7,15,1,3,3,12,0,3,3,2,TCGA-A6-6780,300,80,257,67,37.25
2,4,0,1,12,35,16,73,2,3,1,11,1,8,2,14,1,4,0,3,0,0,1,1,1,6,2,1,0,0,0,1,50,24,437,30,12,16,449,26,87,116,493,77,15,22,158,9,1,6,0,6,1,3,2,3,0,3,2,1,1,0,0,1,11,8,30,5,8,14,46,16,13,12,21,7,8,9,10,5,0,0,0,1,1,3,11,4,1,0,0,1,0,0,1,3,TCGA-A6-6781,387,79,331,66,25.58
0,3,0,1,1,0,1,1,8,0,2,5,5,4,0,6,2,1,0,1,1,0,1,0,0,2,0,0,1,1,0,3,2,3,21,3,6,0,14,0,3,3,16,1,5,7,13,3,1,1,0,0,0,0,1,1,0,0,0,0,3,3,1,5,0,0,3,1,2,1,0,4,1,2,1,2,2,0,0,0,2,0,2,1,0,2,0,2,1,0,0,0,0,0,1,0,TCGA-A6-6782,2,0,1,0,0
2,0,0,0,2,12,4,18,1,0,0,5,2,1,0,0,1,0,0,0,0,0,0,0,0,0,0,1,0,0,0,1,14,4,62,8,5,7,54,8,21,26,80,16,5,6,25,3,0,1,1,1,0,2,0,0,0,0,1,2,0,0,0,2,3,4,12,0,1,4,10,4,7,3,9,0,5,4,13,3,0,1,0,0,0,2,2,2,0,1,0,0,0,0,1,0,TCGA-A6-A565,50,14,43,9,0.41
2,0,0,2,1,0,2,2,7,0,3,3,3,4,2,6,0,1,0,0,1,2,0,1,1,2,0,1,1,0,0,1,4,4,31,2,5,5,29,4,2,2,26,6,4,4,15,2,0,0,0,2,0,0,0,0,0,1,0,1,0,0,0,1,1,0,0,2,0,0,0,1,0,2,2,1,1,3,0,0,0,0,1,0,1,1,2,0,0,0,0,2,1,0,0,1,TCGA-A6-A566,7,4,1,2,0
0,1,0,0,2,0,0,0,1,1,0,0,2,1,0,4,0,2,0,0,0,0,0,1,0,2,1,0,0,1,0,0,2,1,11,1,1,1,9,1,0,0,7,1,1,1,10,0,0,0,0,0,0,1,0,0,1,0,0,0,0,0,1,0,1,0,0,1,0,0,1,1,1,1,1,0,0,0,0,0,0,1,0,0,0,0,0,1,0,0,0,0,0,0,0,0,TCGA-A6-A567,1,1,0,1,0.07
2,1,0,1,1,2,3,0,3,0,1,0,2,4,0,1,0,1,1,2,2,0,0,2,0,0,0,1,0,0,0,2,3,1,19,0,0,2,19,1,0,3,20,1,2,2,11,0,0,1,0,2,0,0,0,0,0,0,0,0,2,1,0,0,0,0,0,1,1,0,2,1,0,2,0,0,0,1,0,1,0,0,0,0,0,0,0,0,0,0,0,0,0,0,1,1,TCGA-A6-A56B,3,1,1,0,0.22
